#id,ra,dec,S(150000000Hz),alpha
0    ,64.5909698792,12.0145595856,6.4248037463,-0.72055
1    ,64.5021858006,12.0061869900,4.8360288564,-0.08054
2    ,64.3716130279,12.0175007506,0.5154616987,-0.24173
3    ,64.4934789050,12.0214009720,0.3560335516,-1.27744
4    ,64.4019664228,12.0110732476,0.1052038301,-0.70246
5    ,64.4544876263,12.0178662588,11.2310803062,-1.17877
6    ,64.4989375289,12.0230939590,0.5754995930,-0.50929
7    ,64.1817208258,12.0045156659,6.9730983758,+0.05299
8    ,64.5031667169,12.0240540276,1.3646460670,-0.81666
9    ,64.3732851865,12.0257804581,2.4760475674,-1.06716
10   ,64.4975928352,12.0205100374,1.9145811740,-0.44048
11   ,64.2331758937,12.0190148729,4.6779874568,-0.39161
12   ,64.6762654098,12.0435511423,10.2687020769,-1.20141
13   ,64.4849757108,12.0023770253,7.3263509654,-0.22792
14   ,64.4685141282,12.0293008213,1.0874224392,-1.09350
15   ,64.6681639171,12.0326564522,20.5283909402,+0.11366
16   ,64.3910677190,12.0411187992,3.2384814032,-0.59114
17   ,64.4169509641,12.0430517613,5.2008223091,-0.81830
18   ,64.3730350461,12.0125035293,4.2950341090,-0.75995
19   ,64.4957270077,12.0048323812,10.9752459674,-0.71897
20   ,64.6132841226,12.0339729105,0.0672622379,-0.01233
21   ,64.4228102242,12.0132630074,0.0521574490,-0.71438
22   ,64.3518971612,12.0123994335,3.5809234269,-0.80308
23   ,64.3509167069,12.0306906150,9.2086460566,-0.20451
24   ,64.3546086541,12.0310385522,11.8663936660,-0.91094
25   ,64.3617174271,12.0389209819,8.4732311718,-0.17992
26   ,64.6371994227,12.0622302703,0.0117864474,-0.21908
27   ,64.4512964556,12.0209504551,0.0128037378,-0.92806
28   ,64.4793360999,12.0030850694,0.4718804285,-1.25873
29   ,64.6599578457,12.0033353090,0.2191151373,-0.82275
30   ,64.5267078106,12.0417279142,5.6236484366,-1.28278
31   ,64.4335856936,12.0200265013,0.6599082064,-0.07388
32   ,64.4991651418,12.0543501859,0.0764371119,-1.00450
33   ,64.3985893541,12.0029498747,1.5230779734,-0.97870
34   ,64.4628416094,12.0349004743,2.2975370416,-0.46026
35   ,64.3780165296,12.0097459419,21.5474825349,-0.42881
36   ,64.0577353716,12.0021610982,14.8533579046,-0.11834
37   ,64.4756203013,12.0328850097,0.2015066904,-0.94628
38   ,64.4586199750,12.0032965570,3.9668415331,+0.07324
39   ,64.0606603130,12.0063319579,16.3823391587,-0.23280
40   ,64.5776089615,12.0429663729,0.0000062900,-0.76235
41   ,64.5950094840,12.0231989705,8.0124710249,-0.07507
42   ,64.2741918216,12.0033316101,4.7697599098,-0.32194
43   ,64.3334627043,12.0075391930,0.0016482727,-0.86379
44   ,64.0156049374,12.0012002805,0.1396596415,-0.70097
45   ,64.0942856533,12.0092906288,1.5190147847,-0.78200
46   ,64.4279365480,12.0330092469,1.1093067921,-0.61480
47   ,64.5161894419,12.0074647922,5.4630677938,-0.67869
48   ,64.2493925054,12.0147847800,0.4210942369,-1.32305
49   ,64.3875634023,12.0220644013,5.1289254992,-0.60122
50   ,64.3929957910,12.0049047792,3.9901183670,-1.19507
51   ,64.2474678256,12.0041446222,25.1519811311,-1.05231
52   ,64.3404119355,12.0228359995,13.8842934045,-0.14003
53   ,64.5582862221,12.0531992206,5.6862761128,-0.05057
54   ,64.4687531574,12.0492693949,0.2149840581,-0.14370
55   ,64.4345297129,12.0199853827,0.0005972386,-1.72592
56   ,64.2377968467,12.0085495503,3.9150540108,-0.39159
57   ,64.2824121660,12.0038713894,0.8439163632,-0.69340
58   ,64.6215885374,12.0242742602,5.3019643500,-0.46728
59   ,64.5132992669,12.0532924764,1.1398845952,-1.49419
60   ,64.0622417962,12.0038726770,0.1926503312,-0.89335
61   ,64.3946222380,12.0288250298,2.1177720618,-1.53316
62   ,64.4984363158,12.0534208276,1.6845573913,-1.08561
63   ,64.3000380605,12.0306328170,10.2891785338,-0.59191
64   ,64.5292374768,12.0206222419,2.3210998365,+0.07168
65   ,64.4223532674,12.0279041658,34.1540174856,-1.00384
66   ,64.3129685603,12.0084899077,8.1814149762,-0.84960
67   ,64.4580245415,12.0015772847,0.3940648063,-0.17797
68   ,64.4173138369,12.0208816087,14.0900523569,-0.68791
69   ,64.4702909154,12.0384616032,0.0162380308,-1.35175
70   ,64.2785356400,12.0249446095,0.4506138963,-0.79896
71   ,64.1923855882,12.0029281928,12.8560217686,-0.47175
72   ,64.0898679015,12.0024922692,1.3266656189,-1.49474
73   ,64.3500859433,12.0176339667,11.8178287340,-0.15881
74   ,64.4004132173,12.0043008327,0.2289963798,-1.06199
75   ,64.3951859153,12.0106575589,3.7908836742,-0.68273
76   ,64.4517041789,12.0156188386,21.6637708493,-1.18575
77   ,64.4052094700,12.0076543784,25.4082632880,-0.52373
78   ,64.2955647835,12.0201350011,8.8450507027,-1.36440
79   ,64.5083117833,12.0326015736,0.9786038162,-0.60491
80   ,64.5227870710,12.0365453363,0.8548593630,-0.60475
81   ,64.5093231511,12.0064467643,0.1886397264,-0.59368
82   ,64.5104507357,12.0001878329,5.8834847863,-0.04811
83   ,64.3914943009,12.0019825456,1.2825164617,-0.94837
84   ,64.2548707483,12.0010478740,4.1404388530,-0.46624
85   ,64.3291370575,12.0133601891,0.2836419540,-0.60621
86   ,64.4553069777,12.0339707793,10.0461224584,-0.28380
87   ,64.3624805373,12.0059727647,35.0801797091,-0.54073
88   ,64.4511511042,12.0400862845,0.0041812211,+0.08930
89   ,64.5071135183,12.0205078135,0.3569962457,-1.37123
90   ,64.4647594178,12.0213582405,13.0509802366,-1.05543
91   ,64.5175509852,12.0540242691,0.9746340647,-1.28092
92   ,64.4481175186,12.0468195019,0.0086583750,-0.58480
93   ,64.1178355257,12.0017793473,1.4698064535,-0.63814
94   ,64.5655300644,12.0256783268,20.0976851414,-0.68806
95   ,64.1578532841,12.0030493868,0.4416461871,-1.07916
96   ,64.2420190530,12.0213016348,10.3368564781,-0.04233
97   ,64.4368434514,12.0307521419,0.2225795482,-0.54429
98   ,64.5211138784,12.0501122314,0.0785629600,-0.91473
99   ,64.3671801696,12.0026905743,0.3713246293,+0.00861
100  ,64.2183481087,12.0188265694,17.0915489943,-0.00191
101  ,64.4663780021,12.0512345768,0.6073268849,-0.98538
102  ,64.4019527793,12.0342646202,3.0729618121,-0.23484
103  ,64.4722029485,12.0091059260,0.1921586135,-0.39755
104  ,64.3858207672,12.0161013740,13.6353906232,-0.80163
105  ,64.4444073810,12.0301641572,12.2928544791,-0.17979
106  ,64.5260988427,12.0439387341,1.7022858072,-0.26982
107  ,64.4891570132,12.0402346856,3.8650347422,-0.39311
108  ,64.1717227235,12.0054118332,0.2079737419,-0.15061
109  ,64.4757236517,12.0226789335,20.9062877638,-1.12828
110  ,64.3159598151,12.0149659618,1.7719875554,-1.82546
111  ,64.4096814998,12.0050428515,0.4958390570,-0.48836
112  ,64.4380423341,12.0005490329,1.9084962738,-0.89793
113  ,64.6862578737,12.0010778846,1.1240626275,-0.56361
114  ,64.5360678154,12.0127608431,1.7491458459,-1.78242
115  ,64.2023572154,12.0157253084,0.9455401505,-0.47957
116  ,64.2585745375,12.0056061151,1.8244800953,-1.08602
117  ,64.2245464911,12.0241350892,8.1998211966,-0.69146
118  ,64.5873332878,12.0032526493,1.0656655575,-0.41314
119  ,64.6198333108,12.0391734559,1.9188732189,-0.61281
120  ,64.4715497979,12.0201784789,30.9565255592,+0.59329
121  ,64.2087569469,12.0099849360,4.2304595815,-0.86327
122  ,64.2120334742,12.0224162942,5.3754724171,-0.90849
123  ,64.1775549488,12.0177334149,5.0926024743,-1.80375
124  ,64.3510264740,12.0179525205,0.4435861467,-0.75420
125  ,64.0917220113,12.0073172875,11.8058804086,-0.44409
126  ,64.4278847591,12.0079093642,1.0441148220,-1.40982
127  ,64.4337280321,12.0005690778,0.0066653841,-0.84374
128  ,64.2803346293,12.0100948673,0.7652854015,-0.69994
129  ,64.1987094388,12.0002493890,0.7731287144,-1.05828
130  ,64.2762783227,12.0204934558,1.3386220422,-0.18264
131  ,64.2789834965,12.0241315987,3.9203889403,-1.25138
132  ,64.3750893817,12.0117595305,11.1087674362,+0.32756
133  ,64.4452646996,12.0028424899,0.0701261318,-0.84062
134  ,64.4331149851,12.0335578208,4.2927855710,-0.47696
135  ,64.4432161348,12.0369205580,6.0345907505,-0.76656
136  ,64.3654915462,12.0333148030,44.1711972244,-0.47757
137  ,64.4117881864,12.0034398301,8.6631990142,-0.59565
138  ,64.4154634048,12.0376374548,4.6312574288,-1.10309
139  ,64.1608262700,12.0090253487,10.8394847280,-0.66788
140  ,64.3148967632,12.0217222055,11.6672959310,-0.44005
141  ,64.4477211361,12.0469680789,6.5144249675,-1.09501
142  ,64.0740953855,12.0046455281,4.4297401237,-0.64977
143  ,64.2385508787,12.0128962530,0.9020800034,+0.26162
144  ,64.3495123312,12.0241952296,2.0818244219,+0.14788
145  ,64.3360519924,12.0205250296,2.4958335682,-0.41124
146  ,64.4300888813,12.0208779079,1.9481901279,-1.05296
147  ,64.4231041916,12.0405848065,0.0006880676,-0.90962
148  ,64.0811678927,12.0008732238,7.2480223249,-1.11667
149  ,64.5475193041,12.0513432493,0.9791792995,-0.72077
150  ,64.4201846240,12.0294901259,2.4624838685,-0.95371
151  ,64.4722571852,12.0010230676,0.1331597103,-0.62006
152  ,64.4911040410,12.0153242454,25.2476277255,-0.02558
153  ,64.2492458629,12.0202844664,5.3383614666,-1.15827
154  ,64.3142141646,12.0248141367,2.6633049618,-0.77606
155  ,64.5213292422,12.0466675453,6.3435910280,-0.81995
156  ,64.3789086821,12.0235386427,0.0081505095,-0.12690
157  ,64.4466519281,12.0198393130,5.9302219799,-0.68798
158  ,64.2995811931,12.0060498940,1.0245607834,-0.21738
159  ,64.4476527853,12.0105966996,2.4383984978,-1.63556
160  ,64.3841225052,12.0026797650,3.5799044353,-0.29850
161  ,64.4399856187,12.0146827005,0.0198503323,-1.43488
162  ,64.5609007556,12.0467598315,0.2149128970,-0.21286
163  ,64.3093236502,12.0013258342,1.8933576011,-0.62583
164  ,64.2572114718,12.0170995306,2.6357659304,-0.74394
165  ,64.3673316460,12.0279671992,0.0348612095,-1.84911
166  ,64.4934560666,12.0138198536,4.6775678472,-0.41701
167  ,64.4620482828,12.0271718517,1.1410313310,-0.72407
168  ,64.3051878143,12.0021544883,0.0050829219,-1.35792
169  ,64.0926145135,12.0071658470,2.9303766568,-0.52513
170  ,64.3877199230,12.0395567218,0.1834727459,-0.54453
171  ,64.2620631848,12.0041583107,17.5553310374,-1.42455
172  ,64.4590255836,12.0015679938,0.0110007170,-0.41683
173  ,64.5043537637,12.0444195324,1.6673919698,-0.87025
174  ,64.5023049390,12.0393935231,5.5615783221,-0.85702
175  ,64.4975469554,12.0511847087,3.1753598477,-0.74000
176  ,64.4896961625,12.0410938611,2.2111811745,-1.96318
177  ,64.5071997668,12.0160181465,0.0266985503,+0.59651
178  ,64.3068367757,12.0081275469,3.0241182765,-0.58927
179  ,64.3986701843,12.0225703864,5.5832976699,-0.77640
180  ,64.5926181510,12.0290979485,1.0720203177,-0.80532
181  ,64.1251078944,12.0136736045,1.9319777625,-0.61826
182  ,64.2817723082,12.0103806410,4.6535637418,-0.83191
183  ,64.5121348231,12.0031299359,12.2847235193,-0.54803
184  ,64.3505653428,12.0178109477,0.0208907980,-0.34106
185  ,64.3135984278,12.0322576880,0.0374274949,-0.48842
186  ,64.2742690811,12.0114144600,5.3149561742,-0.74729
187  ,64.3104873700,12.0202504212,2.3248213559,-0.13897
188  ,64.0758154313,12.0025455146,11.9740786107,-1.65106
189  ,64.2902341804,12.0168790306,3.2841866636,-0.59457
190  ,64.1592933923,12.0077954161,0.1412769982,-0.36712
191  ,64.4456012450,12.0440759729,4.2527519977,-0.47691
192  ,64.5693225296,12.0128216956,6.7089426057,-0.44282
193  ,64.4267219308,12.0196102698,8.8640914739,-0.68044
194  ,64.2647418894,12.0078376545,0.4128781883,-1.03855
195  ,64.3008516179,12.0168334933,0.0690414885,-0.44335
196  ,64.3943447591,12.0228941206,2.2807350610,-1.18465
197  ,64.4495986750,12.0485812960,1.1872463442,-0.05089
198  ,64.2808094112,12.0124431445,8.4332430005,-0.18803
199  ,64.5103764138,12.0337333618,1.0136182195,+0.02603
200  ,64.1205037490,12.0023225717,1.8187803553,-0.91840
201  ,64.2048159625,12.0196523573,2.2009373991,-0.48361
202  ,64.5499768177,12.0462809567,13.0082389567,-0.71955
203  ,64.5291206141,12.0209364272,5.6176880003,-1.43706
204  ,64.1604339061,12.0128237983,0.0012397157,-1.55565
205  ,64.5689624612,12.0262650592,7.7234246743,-0.43388
206  ,64.4239864616,12.0129687090,2.8266502807,-0.31963
207  ,64.3978699454,12.0133083519,0.0008236484,-0.37604
208  ,64.1909880003,12.0141860699,1.3093282046,-0.60287
209  ,64.0194344491,12.0006484761,0.0032015100,-0.18370
210  ,64.4052082616,12.0204116560,25.6788756805,-0.83455
211  ,64.3092485274,12.0223857781,0.3340179807,-0.79070
212  ,64.3930725691,12.0187218390,0.2465828981,-0.54045
213  ,64.5302783052,12.0141832319,0.0019480744,-0.66344
214  ,64.2440249472,12.0110894386,0.2355829644,-0.66317
215  ,64.3850499484,12.0165922959,3.0594107384,-1.74797
216  ,64.4870114323,12.0465952762,18.5994484038,-1.99757
217  ,64.5382611526,12.0481507090,21.4566245033,-0.36352
218  ,64.4604472863,12.0067793362,1.4611002614,-1.16457
219  ,64.5035268340,12.0413102067,0.0027250570,-0.44491
220  ,64.3595851410,12.0029152969,0.2349755462,-0.32049
221  ,64.3877756211,12.0336378564,10.5332630893,-0.51155
222  ,64.2334021802,12.0136883562,2.6448039397,-0.58257
223  ,64.3477397855,12.0347647536,14.1454032029,-0.69687
224  ,64.4145003682,12.0329650564,14.8691259912,-0.69247
225  ,64.4883411943,12.0159648882,0.0066538411,-0.57497
226  ,64.3252822570,12.0252886271,1.1661738529,-0.25487
227  ,64.5474504162,12.0291658375,0.2953200861,-1.29754
228  ,64.3802245978,12.0078374360,2.7232749242,-1.26411
229  ,64.4845116685,12.0014621234,0.2698485080,-1.01782
230  ,64.4243742017,12.0282504778,0.6002758561,-0.28841
231  ,64.6010387274,12.0138164597,11.2656769929,-0.76815
232  ,64.2742749927,12.0152014218,0.6949760466,+0.42998
233  ,64.1167495182,12.0015003441,0.0080924294,-0.29435
234  ,64.3754273200,12.0334791455,27.0875360912,-1.10465
235  ,64.4034011436,12.0258216500,1.6433550716,+0.34524
236  ,64.5455806541,12.0389368913,5.1521967475,-0.15156
237  ,64.3334955399,12.0359001370,2.3257759445,-1.12849
238  ,64.1536971505,12.0025243005,16.5667305110,-0.49562
239  ,64.5838076091,12.0009948216,1.1695435259,-1.43208
240  ,64.5098709793,12.0079944472,2.1099728023,-1.15499
241  ,64.4936650766,12.0434782937,1.2216209197,-0.30957
242  ,64.1216712678,12.0064496901,8.6783812529,-0.66599
243  ,64.3346547520,12.0066111463,19.9738893120,-1.62177
244  ,64.5159682597,12.0353122255,38.9087281140,-1.23358
245  ,64.5018998811,12.0064862520,17.8977557278,-1.48450
246  ,64.3962602452,12.0402161749,1.0360061001,-0.91213
247  ,64.5538075197,12.0395286008,2.1472626392,-0.97810
248  ,64.3186586547,12.0281473195,0.1275883002,-1.50363
249  ,64.5229944266,12.0011935464,0.1977173304,-0.57545
250  ,64.4638098539,12.0103170471,0.1933502482,-0.67236
251  ,64.3157917428,12.0223338532,0.0377144462,-0.08432
252  ,64.3841477846,12.0291894010,1.9969237918,-0.34293
253  ,64.1967347009,12.0210207742,3.2035970085,-0.75767
254  ,64.3654731878,12.0132302169,1.1504246825,-0.52073
255  ,64.3749767492,12.0262655273,0.1644255604,-0.63978
256  ,64.1696291925,12.0169624596,1.0156411534,-0.18297
257  ,64.1798797226,12.0069183198,6.7743300329,-0.09461
258  ,64.4679083888,12.0326920459,9.6406098018,-2.04739
259  ,64.3965836126,12.0112014847,4.3864824487,-0.31748
260  ,64.3118734132,12.0285101036,9.2470346698,-0.49081
261  ,64.2456704606,12.0118156790,0.0536012000,-0.24028
262  ,64.3025742937,12.0205307748,0.5998426374,-0.75553
263  ,64.5893869069,12.0379779764,19.2412093977,-1.11254
264  ,64.6230197981,12.0569514605,0.4584565765,-0.04767
265  ,64.4466170227,12.0273406664,0.0003146650,-0.89982
266  ,64.4703442042,12.0091033423,2.9394333114,-1.54788
267  ,64.2175008860,12.0204968406,0.1078195882,-1.36609
268  ,64.1652936082,12.0152634702,14.7301152316,-0.98849
269  ,64.3999259256,12.0394420378,4.4525275375,-1.05698
270  ,64.3548802287,12.0158854569,2.9586309695,-0.50009
271  ,64.2045611486,12.0051346952,0.8728353073,-0.20091
272  ,64.0980725474,12.0086657446,0.9691923789,-1.37369
273  ,64.5508058170,12.0497158967,1.6202181513,-0.65728
274  ,64.3789127418,12.0063769207,0.1020191385,-1.20671
275  ,64.6563559118,12.0271241900,0.6341458273,-0.44846
276  ,64.1182350742,12.0066136650,0.0759956685,-0.73230
277  ,64.0535879509,12.0036272699,5.4837162606,-0.96919
278  ,64.4280455355,12.0320297458,0.1993128198,-0.44334
279  ,64.2038217210,12.0139127193,0.0150047868,-0.48915
280  ,64.4993637801,12.0196216476,6.8269873918,+0.32113
281  ,64.6325988894,12.0611974838,5.6272643317,-0.31066
282  ,64.3019010106,12.0148812016,2.3639473483,-0.66797
283  ,64.2275047693,12.0245303772,5.5609086130,-0.44565
284  ,64.3540113324,12.0236944378,12.1508098656,-0.54787
285  ,64.5369584610,12.0035838797,4.1536056565,-1.74146
286  ,64.4413391551,12.0015118831,3.5397057606,-0.25152
287  ,64.2383193680,12.0183279423,3.3401734013,-0.31677
288  ,64.4710725319,12.0034893676,16.2837153090,-0.11396
289  ,64.3283447592,12.0086016688,0.5338241243,-0.86244
290  ,64.2957998319,12.0278471719,4.6893224372,-0.69808
291  ,64.1426094908,12.0004158939,13.0532779434,-0.31846
292  ,64.4482119269,12.0028505578,0.1022319238,-0.81006
293  ,64.2146495874,12.0010817800,0.8743216163,-0.08664
294  ,64.3347240341,12.0318036009,0.0033498757,+0.23873
295  ,64.1060563289,12.0009572791,1.8184150348,-1.64850
296  ,64.2704081243,12.0023976967,8.1857175454,-0.64941
297  ,64.3235116671,12.0337079835,2.0208061183,-0.41049
298  ,64.5440835575,12.0054577551,5.7907742511,-0.08424
299  ,64.6072048289,12.0357900692,0.3980264997,-1.30159
300  ,64.2025345499,12.0163243273,5.5320523899,-1.41366
301  ,64.2332835027,12.0060339103,0.0136881274,-0.81150
302  ,64.3943468636,12.0204225033,7.8282929759,-0.95822
303  ,64.5064021426,12.0052967348,2.1100774682,-1.03047
304  ,64.4214507871,12.0260333206,1.2029538421,-0.67132
305  ,64.3557559007,12.0272641643,8.7048340707,-1.23032
306  ,64.0957796536,12.0064225126,16.3876712779,-1.43801
307  ,64.3703561933,12.0327002961,11.4867761518,-0.57098
308  ,64.3060064598,12.0013318197,0.5192676430,-1.11375
309  ,64.3709629101,12.0387969730,2.3172712879,-1.51973
310  ,64.3262563962,12.0141302043,0.0445323676,-0.24801
311  ,64.0241416493,12.0007661569,0.3440105731,-0.45490
312  ,64.2194325522,12.0136171220,0.0111358841,-1.76938
313  ,64.4702082368,12.0349146098,0.0005200211,-0.66695
314  ,64.4472965807,12.0169155080,0.0744149772,-0.31336
315  ,64.5373588527,12.0184388971,4.5676966742,-0.79276
316  ,64.5299887511,12.0547065889,4.9791243811,-1.16194
317  ,64.5773272738,12.0576647371,0.0122356734,-0.67170
318  ,64.1647879467,12.0015007156,13.5094815571,-0.90382
319  ,64.3207234135,12.0238835733,0.8828863726,-1.79474
320  ,64.5165498000,12.0439244094,1.2802434310,-0.27942
321  ,64.3016739649,12.0205882625,0.2012192037,-1.12672
322  ,64.2130687077,12.0023492132,0.0056481690,-0.35256
323  ,64.1552070708,12.0138716276,5.2514233753,-0.32448
324  ,64.3208034658,12.0197518123,3.7363461773,-0.75104
325  ,64.5918980445,12.0140963875,4.2195064533,-1.72195
326  ,64.5509348396,12.0052176168,0.2915076500,-1.15843
327  ,64.3925752247,12.0247852606,2.3659590983,-0.73407
328  ,64.2603706192,12.0140082059,25.2660732510,-0.74279
329  ,64.5829964031,12.0239863969,0.6029823045,-0.99532
330  ,64.4879520610,12.0504939478,1.6154492313,+0.18209
331  ,64.3759706364,12.0172979915,1.1382097607,-0.44615
332  ,64.4319061805,12.0322585588,1.0178517801,-0.43458
333  ,64.4698920600,12.0400653364,3.8838487124,-1.37732
334  ,64.2450312174,12.0003250929,0.3419724569,-0.47655
335  ,64.3688252762,12.0339014934,7.2994141960,-0.05551
336  ,64.4466783813,12.0251824451,4.0963220918,-1.16352
337  ,64.4521152618,12.0306382439,7.4160275609,-0.83498
338  ,64.4119150133,12.0403991575,3.7751038142,-0.59513
339  ,64.1628429671,12.0027698902,0.3939123189,+0.08588
340  ,64.2689190198,12.0117871409,0.2928575374,-0.71422
341  ,64.5099397561,12.0174813885,2.9375374107,-0.62279
342  ,64.4168057849,12.0141998585,0.0579120682,-0.87267
343  ,64.1984356287,12.0129453367,61.1687349476,-1.43078
344  ,64.3111423701,12.0105667238,1.5925722065,-0.57191
345  ,64.3937021010,12.0042729773,0.4496442337,-0.45014
346  ,64.3661737542,12.0254059402,23.8784918985,-0.90319
347  ,64.3468328891,12.0103665968,0.0025566458,-0.81493
348  ,64.3365158288,12.0234133018,4.6712149675,-0.45561
349  ,64.4261781525,12.0066341583,6.2788742970,-0.95066
350  ,64.4105024707,12.0227779205,0.5778252331,-0.65372
351  ,64.2560302028,12.0243476137,7.8498530324,-0.13584
352  ,64.2043994188,12.0051750308,0.8481739263,-0.78354
353  ,64.1990729858,12.0039085718,0.6692551190,-0.45785
354  ,64.1358202082,12.0123927550,3.7205726766,-0.93901
355  ,64.3485722567,12.0299157759,0.1430748256,-0.43693
356  ,64.2792707755,12.0213567990,1.0430122904,-0.51488
357  ,64.4574188072,12.0467302267,10.9335958181,-1.48172
358  ,64.4678586143,12.0134542597,0.9997959015,-0.57617
359  ,64.2469403093,12.0007795262,0.6436665507,+0.01176
360  ,64.4185467482,12.0042001088,1.5911924170,-0.76221
361  ,64.1674900765,12.0051723043,2.2252891116,-1.50161
362  ,64.5106690449,12.0115493750,8.0314330300,-0.91109
363  ,64.1975759521,12.0203206340,0.0194975809,-0.55939
364  ,64.5384851897,12.0354908811,0.3789351190,-1.04048
365  ,64.4765378316,12.0001448954,0.0529963923,-1.25461
366  ,64.1426426251,12.0091426723,3.9209042577,-1.40603
367  ,64.5572004339,12.0278460361,8.8904065099,-1.43439
368  ,64.3985035499,12.0257634473,29.8609704967,+0.08219
369  ,64.4722078792,12.0035366455,15.6202108777,-0.00249
370  ,64.3530085842,12.0194935561,6.7004990752,-1.24496
371  ,64.5193130001,12.0163535551,2.2240752519,-1.18482
372  ,64.4765905622,12.0503151887,7.9119386792,-0.73847
373  ,64.2701680239,12.0215880846,0.6966234155,-0.92149
374  ,64.4651828073,12.0120000252,1.0742402311,-0.13000
375  ,64.3298518449,12.0042433953,2.6504611989,-1.07583
376  ,64.6297181709,12.0160752904,0.8689684176,-1.75298
377  ,64.4303191100,12.0042492386,0.0716288598,-1.64565
378  ,64.3025379870,12.0212766219,11.7557170544,-0.87001
379  ,64.4829444490,12.0473336505,0.3867185749,-0.53995
380  ,64.2856428586,12.0228490174,9.1143035209,-0.81972
381  ,64.2342053009,12.0050503480,30.1488669486,-0.52280
382  ,64.2371352662,12.0118431344,1.2519276635,-0.54856
383  ,64.5154236331,12.0017265631,7.0397143229,-1.07833
384  ,64.5507439354,12.0375703529,0.3403551828,-1.15340
385  ,64.2463932213,12.0256380622,0.7808656636,-0.54606
386  ,64.4444960697,12.0391858155,0.0184569921,-0.20182
387  ,64.5333060277,12.0557183255,15.0133584104,-1.16422
388  ,64.3812559489,12.0391677915,1.1006844811,-1.97273
389  ,64.2159354954,12.0149873694,1.2907301753,-0.72303
390  ,64.5093428083,12.0073436318,15.0203064838,-0.16710
391  ,64.4243387363,12.0259187061,12.2807730997,+0.01029
392  ,64.4586889094,12.0428127703,2.1329144280,-0.86189
393  ,64.3891346996,12.0381686245,0.4310123730,-0.56323
394  ,64.5565385433,12.0424505843,9.0337931675,-0.34164
395  ,64.5741287278,12.0170514561,2.2633504244,-1.01212
396  ,64.5186880743,12.0188371038,0.4517941563,-1.44220
397  ,64.2198424949,12.0013039352,0.0097031335,-0.05715
398  ,64.5459717200,12.0166645367,3.3807813737,-1.44711
399  ,64.1840830152,12.0200951510,6.9163029188,-0.73782
400  ,64.5214479045,12.0444800862,4.8652597458,-0.66820
401  ,64.6241096956,12.0579603649,0.4415384164,+0.11961
402  ,64.2700118714,12.0164757838,11.2457632742,-0.73388
403  ,64.5222489676,12.0169734808,0.1121401886,-1.69165
404  ,64.4258860680,12.0022479226,6.3113743591,-0.31054
405  ,64.5205512481,12.0102321413,1.3312411292,-0.04766
406  ,64.4986240141,12.0055315956,2.8924097530,-0.57555
407  ,64.4856809696,12.0367574385,0.1318923355,-0.99347
408  ,64.6087731999,12.0350726832,1.8157161924,-0.87199
409  ,64.2353385428,12.0072884990,8.0360607613,-1.07801
410  ,64.3722934225,12.0134621949,21.1013836671,-1.59604
411  ,64.5748720614,12.0320186123,1.9443477746,-0.43345
412  ,64.4302629436,12.0395184011,7.5639300907,-0.26983
413  ,64.2717025377,12.0013868711,2.9733681391,-1.86369
414  ,64.2870680119,12.0135955550,1.5020664474,-0.94598
415  ,64.4963690045,12.0449143766,14.1184334982,-0.92025
416  ,64.2756589604,12.0031553231,4.3779666819,-0.71075
417  ,64.4494036526,12.0036563032,1.6188307102,-0.63561
418  ,64.2953696193,12.0035591699,12.6832165083,-0.82324
419  ,64.4900602086,12.0439071196,2.5383017432,-0.57363
420  ,64.2401300896,12.0023887911,0.9479178348,-1.08130
421  ,64.3634089193,12.0222889205,3.3638738401,-0.02753
422  ,64.1927337544,12.0011691816,1.2768843013,-0.14393
423  ,64.4750031668,12.0267424571,14.5428175866,-0.58761
424  ,64.4717332106,12.0100159692,6.3505649506,-0.14100
425  ,64.4402726335,12.0471236826,6.4840115062,-1.01396
426  ,64.4985028619,12.0365937824,1.5479328093,-0.64733
427  ,64.4193347629,12.0094287027,2.7330122643,-0.65496
428  ,64.3725260778,12.0388035253,3.2799906130,-1.52636
429  ,64.6264395090,12.0067728441,3.7050256820,-1.10868
430  ,64.2739885481,12.0263065886,5.5740029479,-0.72465
431  ,64.4097446680,12.0299951468,4.0955054086,-0.64778
432  ,64.3822477435,12.0036380359,0.2230043600,+0.09677
433  ,64.0562764657,12.0012548004,2.2092851503,-0.42846
434  ,64.2851810714,12.0131016246,1.8054081696,-0.09101
435  ,64.2780523950,12.0303514230,3.2258082721,-0.87811
436  ,64.4909092160,12.0081300578,37.7717495801,-0.54473
437  ,64.3388270754,12.0254476689,2.2226027876,-1.40093
438  ,64.2603167773,12.0066916472,0.0156100685,-0.62838
439  ,64.3637909122,12.0000444873,0.1900806629,-0.79908
440  ,64.4985147347,12.0118296865,0.6692325587,-1.14175
441  ,64.3437810899,12.0330034188,9.9382356102,-0.40807
442  ,64.1732599697,12.0169793770,12.9349000978,-1.17965
443  ,64.4780705452,12.0290796064,6.5420206466,-0.34143
444  ,64.2334308608,12.0241371416,1.0049934928,-1.70396
445  ,64.1624126458,12.0029459890,4.1077931779,-0.83879
446  ,64.6009761874,12.0131635554,0.7601077011,-0.75737
447  ,64.4776683626,12.0512582654,10.1665651985,-0.15660
448  ,64.5482212761,12.0153855661,2.7802229143,-0.45335
449  ,64.6404724962,12.0577225809,5.1869586787,-0.56326
450  ,64.1533971961,12.0140638083,9.4214484874,-0.20836
451  ,64.2951686267,12.0001592241,0.2906641563,-0.24253
452  ,64.2902587370,12.0227732412,3.6773928857,+0.04524
453  ,64.3362273383,12.0010989859,2.9405614051,-0.88027
454  ,64.2536117619,12.0103409440,16.8728878952,-0.96275
455  ,64.1487157586,12.0069632513,0.8087278446,-1.04120
456  ,64.2587200297,12.0265077259,21.6866751532,-0.94852
457  ,64.3084084572,12.0060004376,0.0586171747,-0.83697
458  ,64.4789327875,12.0463892668,2.5946529083,-0.63668
459  ,64.2061639243,12.0054537097,12.1511643622,-0.76089
460  ,64.4786293871,12.0150477476,0.4819627150,-0.66955
461  ,64.3391643477,12.0235795092,1.5305292611,-0.69688
462  ,64.4688425033,12.0308321731,0.0509030669,-1.13995
463  ,64.3893411344,12.0068518737,1.2496318073,-0.46021
464  ,64.4284029050,12.0471188784,5.0638926091,-0.24840
465  ,64.1997150678,12.0217171999,6.8305526526,-0.62611
466  ,64.4098904295,12.0143860747,0.0309477483,-0.29795
467  ,64.2011542219,12.0039443669,2.1401660718,+0.73314
468  ,64.4889990270,12.0528890368,8.9964094522,-0.87120
469  ,64.4697540700,12.0301320529,0.8592261130,-1.37711
470  ,64.3749456283,12.0225385963,1.4154387647,-0.91474
471  ,64.5638012871,12.0147891333,30.8799865201,-0.63551
472  ,64.2928711380,12.0185457151,12.4091129729,-0.33079
473  ,64.5412863775,12.0577623436,2.1600390709,-0.50817
474  ,64.3843787267,12.0196577009,1.0990552609,-0.94510
475  ,64.4978957307,12.0016118130,0.3265640626,-1.07260
476  ,64.2701868776,12.0109068920,3.2545338962,-0.10999
477  ,64.4434886939,12.0311983799,8.4233839130,-0.62945
478  ,64.3305660965,12.0311273317,16.3885836005,-0.13095
479  ,64.4529831364,12.0059680787,12.6988582369,-0.50600
480  ,64.4244904723,12.0271869055,5.2898059727,-0.65009
481  ,64.1673864354,12.0141793001,0.2590385505,-0.58650
482  ,64.2133914982,12.0016486790,7.3210612747,-0.91641
483  ,64.1422606911,12.0045756928,14.7186120819,-0.77927
484  ,64.3134254179,12.0171141847,17.2964580853,-1.02048
485  ,64.4498776420,12.0351560860,0.3355125543,-1.04338
486  ,64.4179409465,12.0404229100,10.4346680403,-1.37998
487  ,64.2884499040,12.0126724774,8.1683649852,-0.43300
488  ,64.2097984747,12.0132276042,0.9533487293,-0.92129
489  ,64.5355474666,12.0050620504,30.0083716516,-0.17685
490  ,64.2516934008,12.0219673837,23.6028354966,-0.44122
491  ,64.2000737983,12.0093808811,2.8162541714,+0.11177
492  ,64.4000330646,12.0347676120,2.5176904142,-0.54257
493  ,64.3811338530,12.0200031003,8.7708307917,-0.61688
494  ,64.5149626012,12.0009766894,5.0841197736,-2.02414
495  ,64.2656847080,12.0190580887,0.0620861883,-0.56311
496  ,64.4348021694,12.0464138386,0.0084675150,-1.32777
497  ,64.4550483819,12.0062692325,10.9363625873,-1.11094
498  ,64.0536718074,12.0053159597,3.6189999929,-0.39116
499  ,64.4649012511,12.0158762534,2.8450209798,-1.95429
500  ,64.1826077677,12.0078217058,1.3078781488,-0.38400
501  ,64.5617145035,12.0525018472,11.4372053697,-1.14357
502  ,64.5792882786,12.0383802387,6.0923318885,-0.22397
503  ,64.3831898785,12.0126541448,0.0846984648,-0.75710
504  ,64.4388842132,12.0352610832,2.0548640064,+0.42601
505  ,64.4010899357,12.0243159759,3.3190825101,-1.89109
506  ,64.1578525497,12.0043480560,1.0186684477,-0.66528
507  ,64.4362507935,12.0188135967,9.6044203475,-1.00832
508  ,64.1306941224,12.0142439362,0.6331108976,-0.16592
509  ,64.4838701816,12.0080836167,13.8127791512,-0.19904
510  ,64.3004497996,12.0197308432,0.1188156569,+0.33870
511  ,64.3659436429,12.0072757749,0.0146637648,-0.73954
512  ,64.4791753583,12.0027047685,0.4529569764,-1.23046
513  ,64.5466957075,12.0420803156,3.6673255491,-0.45243
514  ,64.4276108696,12.0179124445,0.0018036409,-0.38015
515  ,64.2298781371,12.0126020284,0.0196458653,-0.88649
516  ,64.5264504215,12.0154862362,7.4128984412,+0.09518
517  ,64.0554478486,12.0010381744,7.1896622204,-1.19209
518  ,64.4253432033,12.0229581762,0.7774146183,-1.29753
519  ,64.3822845227,12.0069728566,0.0087714518,+0.35546
520  ,64.4845498865,12.0269677681,0.3188606403,-0.29339
521  ,64.2776183975,12.0009375493,0.0660075703,-0.53812
522  ,64.4187376556,12.0231322304,0.7138598950,-0.20823
523  ,64.3938939543,12.0224438142,0.0419472829,-0.91505
524  ,64.3810629180,12.0145077098,0.1752933382,-1.10716
525  ,64.6620609259,12.0701827613,1.3094447715,-0.62811
526  ,64.4099542006,12.0418211462,0.7729023183,-0.27641
527  ,64.6347468781,12.0641036586,0.8537145872,-1.04248
528  ,64.5466466546,12.0485386168,1.1921267203,-0.77666
529  ,64.3037304729,12.0101239023,0.2808463004,-1.11517
530  ,64.1463985925,12.0152740985,0.1293978559,-0.61003
531  ,64.3184122105,12.0015939312,32.4335905026,-0.76594
532  ,64.4658450389,12.0281181320,0.0105990244,-0.69329
533  ,64.5282244679,12.0283750557,0.3788601846,-0.38379
534  ,64.2794848029,12.0284011927,1.4218311112,-1.50152
535  ,64.1863895793,12.0075080100,0.5566384521,-1.83779
536  ,64.3118944600,12.0121494997,0.0307495886,-0.41210
537  ,64.4619252538,12.0330034957,4.3868394516,-0.30755
538  ,64.1159908677,12.0100825829,6.3837553000,-0.87097
539  ,64.4935323458,12.0175972373,1.8352240035,+0.33583
540  ,64.6267562673,12.0079423732,13.8992455774,-1.25143
541  ,64.2803666277,12.0037751379,3.2623845167,-0.56067
542  ,64.5615561308,12.0060557366,1.3141064784,-0.58274
543  ,64.4728301732,12.0011844963,0.0004773412,-1.01051
544  ,64.3485150780,12.0316511580,0.0537490806,-0.46801
545  ,64.5442352980,12.0431393769,7.1620163741,-0.35486
546  ,64.4929520211,12.0079336562,0.0002720791,-0.94226
547  ,64.4732554911,12.0515655012,27.4094440719,-0.93749
548  ,64.1728404306,12.0098731069,0.7050566651,-0.81551
549  ,64.3732977360,12.0042997890,11.1041792194,-1.01676
550  ,64.5672442349,12.0278454273,17.2445332426,-0.93293
551  ,64.3946526391,12.0354545365,13.0313894764,+0.78041
552  ,64.0651786367,12.0061931442,0.8546649361,+0.61214
553  ,64.5032047308,12.0122648971,8.8773466126,-0.85868
554  ,64.1099154430,12.0117612326,1.3082072228,-0.48021
555  ,64.1869800426,12.0019807679,0.0169250266,-0.59347
556  ,64.4225728199,12.0452613237,1.0893311834,-0.59744
557  ,64.3118325406,12.0026987711,3.4087140843,-0.50330
558  ,64.3337736832,12.0154648650,0.5117947536,-0.15320
559  ,64.5376785750,12.0345524990,8.3864671935,-0.77950
560  ,64.4300590020,12.0373629730,2.9001682833,-0.72544
561  ,64.3589836696,12.0209287284,0.0078122426,-0.48443
562  ,64.5618382945,12.0567764893,0.4371532817,-0.92256
563  ,64.2776335179,12.0206819964,0.8502579318,-1.29522
564  ,64.4074766035,12.0299216698,13.1335519419,-0.85966
565  ,64.1726231424,12.0012890377,1.1052300739,-0.07859
566  ,64.3219671429,12.0047789828,0.0762351870,-0.83482
567  ,64.3867936480,12.0281728996,8.1122663157,-1.47338
568  ,64.2450081906,12.0111906142,2.4010649732,-1.67258
569  ,64.4514276243,12.0071289886,6.3374375739,+0.21427
570  ,64.3984143162,12.0351912257,4.7285377219,-0.89649
571  ,64.4903973751,12.0511556712,3.7114446322,-0.29302
572  ,64.2763239160,12.0125403341,0.9879819485,-1.36739
573  ,64.2471215641,12.0125453834,0.8379411583,-1.26624
574  ,64.3034907164,12.0291852392,0.8057287474,+0.00429
575  ,64.5124232212,12.0047015189,0.8854240747,-1.29208
576  ,64.2006275986,12.0215981017,2.8711017825,-0.94774
577  ,64.4613534375,12.0493137537,0.1627421443,-0.54271
578  ,64.6240278646,12.0347707426,0.3875581269,-0.39163
579  ,64.4164148053,12.0308273453,2.5133393599,-0.93446
580  ,64.4303015828,12.0238299973,19.3727919950,-0.81002
581  ,64.2546363727,12.0098982809,15.7921379401,-0.36660
582  ,64.5068698994,12.0441702117,13.6189163263,-0.78114
583  ,64.3589352561,12.0033231996,19.7921912376,-0.89657
584  ,64.5090485659,12.0436557324,0.0016279196,+0.15000
585  ,64.2611374794,12.0191412962,15.0078360693,-0.60883
586  ,64.4939151743,12.0514372250,3.5473587842,-0.01160
587  ,64.3222063539,12.0003156842,0.2661216555,-1.80334
588  ,64.4103791178,12.0118104408,1.8069104073,-1.77295
589  ,64.4351485581,12.0261767883,11.6619408110,-0.80991
590  ,64.0427784726,12.0005447322,1.0578396161,-1.36231
591  ,64.3690071610,12.0056589376,0.2660134220,-0.38962
592  ,64.4843418818,12.0215661492,20.7691182639,-0.47211
593  ,64.5373256912,12.0392273094,3.9760354934,-1.37085
594  ,64.6104199328,12.0172291738,11.0776014932,-0.70272
595  ,64.1183360297,12.0114966315,3.4642965790,-1.50705
596  ,64.5228854359,12.0347557588,0.3211713613,-1.02552
597  ,64.1811802751,12.0142058241,3.5979901067,-0.96111
598  ,64.4745468876,12.0498049651,7.6735811008,-0.70528
599  ,64.3264028400,12.0066840867,0.1814757547,-0.61814
600  ,64.2678698810,12.0084190134,22.2811313842,-0.95580
601  ,64.3779603748,12.0353755533,14.2500006064,+0.31091
602  ,64.1254806080,12.0000207173,0.2104068498,-0.49209
603  ,64.2351077665,12.0169700788,8.3970859831,-0.43285
604  ,64.2572101261,12.0168913000,1.1309772185,-0.88897
605  ,64.2260195229,12.0059779203,0.0000161639,-0.29989
606  ,64.4185997827,12.0292276173,0.4351980011,-0.34853
607  ,64.4728424545,12.0348498342,0.7761273539,-0.76493
608  ,64.6173038519,12.0465431318,24.6576540681,-0.58030
609  ,64.1585180424,12.0144016186,0.9002285221,-1.17049
610  ,64.2154954605,12.0046170328,1.2759671391,-1.02973
611  ,64.1517432262,12.0046855163,2.7211174140,-0.12985
612  ,64.3245060111,12.0259546376,5.6049678808,-0.90197
613  ,64.2525537141,12.0143413002,5.0257452850,-0.02973
614  ,64.2360953790,12.0150368172,6.1271081602,-0.32444
615  ,64.2370582511,12.0031145632,12.4165095467,-1.09849
616  ,64.6830984068,12.0574341851,0.7441965779,-1.32951
617  ,64.4195851323,12.0401581032,0.0445053925,-0.25509
618  ,64.4759775123,12.0018874978,29.2592380121,-0.74433
619  ,64.4628025541,12.0383713600,2.6416281520,-0.45002
620  ,64.3246092273,12.0330634639,9.2380358723,+0.00867
621  ,64.5964103559,12.0529507415,6.9239872811,-0.92254
622  ,64.4233484314,12.0277510773,1.5868709206,-0.77651
623  ,64.4695910051,12.0177759997,4.1312088790,-0.62930
624  ,64.1140624132,12.0059216217,3.7970859120,-1.13248
625  ,64.2339069506,12.0244274587,0.3690914540,-1.06127
626  ,64.5219167929,12.0104083981,0.0005761148,-0.66040
627  ,64.6734524230,12.0319569742,4.6117611020,-0.00204
628  ,64.3171700470,12.0085278917,0.0109996167,-0.90293
629  ,64.6262486687,12.0034800719,3.1029312455,-1.59636
630  ,64.3835386469,12.0013845756,0.0313690717,-0.20496
631  ,64.4821428237,12.0434293384,0.5499901875,-0.13321
632  ,64.4924288336,12.0274527781,0.0224948680,-0.65212
633  ,64.2678447165,12.0258101631,1.5456581696,+0.41234
634  ,64.2052557395,12.0194773500,4.9162519248,-0.67834
635  ,64.2069168979,12.0110732009,4.0626492985,-0.45701
636  ,64.4666119015,12.0416702414,0.0014871559,-0.29328
637  ,64.6578314930,12.0208224208,2.0904193332,+0.11580
638  ,64.4099616793,12.0220261235,1.3641769943,-0.92311
639  ,64.4856142610,12.0146603452,17.4953329237,-0.71326
640  ,64.0506589504,12.0021915616,1.6065364538,-0.35216
641  ,64.3204548934,12.0044168270,1.0714199250,-1.30148
642  ,64.2970867678,12.0209290461,20.7450455534,-0.73856
643  ,64.4280798061,12.0246072539,17.5428995553,-1.03235
644  ,64.2792017533,12.0194908013,0.3025340210,-1.01470
645  ,64.5211981733,12.0279128949,5.5269960072,-0.51694
646  ,64.2981620709,12.0057824894,0.9010744854,-0.85066
647  ,64.5278022695,12.0542055723,0.1633230329,-1.21540
648  ,64.2264129563,12.0227846413,7.9117671229,-0.78090
649  ,64.2884025519,12.0162379450,15.9213651438,-0.78023
650  ,64.4723937366,12.0007560533,0.1218804254,-0.93172
651  ,64.1796616930,12.0119356685,9.6518127501,-0.41579
652  ,64.1568771649,12.0153344113,2.4724808285,-1.13070
653  ,64.2876398322,12.0173466553,6.2701804504,-0.78446
654  ,64.3885792805,12.0420034616,16.1808625192,-0.11712
655  ,64.4884100424,12.0430329032,0.3285324795,-0.44204
656  ,64.5043472125,12.0464753129,12.9365407939,-0.43029
657  ,64.3165833494,12.0129950533,1.5607410443,-0.01526
658  ,64.3788838369,12.0063869293,0.0373805748,-0.51255
659  ,64.4107599007,12.0316417526,1.5699565542,-0.89898
660  ,64.4103921010,12.0289843347,2.7486954594,-0.87184
661  ,64.2200583931,12.0042205618,18.0949374155,-1.06612
662  ,64.4593870736,12.0024443737,6.3423651127,-0.23411
663  ,64.5375840551,12.0161766439,0.4778771538,-0.68847
664  ,64.4131034078,12.0141732650,8.2684896085,-0.38669
665  ,64.1564402357,12.0039262083,1.2536963662,-0.22178
666  ,64.2607645639,12.0062381653,1.1196520011,-0.98670
667  ,64.4840359959,12.0334827702,2.0581395275,-0.25404
668  ,64.4892640042,12.0482555790,2.7583583475,-0.92953
669  ,64.4445156391,12.0116514525,4.1093040584,-0.56984
670  ,64.4082977975,12.0442311810,3.2707301898,-0.18299
671  ,64.6278082913,12.0181644763,9.0462503702,-1.33285
672  ,64.4353238618,12.0007985019,4.5467963369,-0.66732
673  ,64.2884704337,12.0054278404,9.5670854623,-1.53964
674  ,64.2098330716,12.0020921637,0.4937248072,-1.25115
675  ,64.3118994583,12.0156248880,3.3227229972,-1.02422
676  ,64.5049680837,12.0325155117,5.2466016245,-1.35599
677  ,64.5368840005,12.0117285514,12.3247489942,-0.63190
678  ,64.1423118372,12.0050999822,0.2158946817,-0.45175
679  ,64.5000769193,12.0281805061,1.4183130040,-0.96049
680  ,64.5017420351,12.0401658781,1.1370217547,-1.26588
681  ,64.4785617842,12.0183156502,2.5815360578,-0.86605
682  ,64.4197489685,12.0348205201,3.7433070649,-0.55997
683  ,64.4468095818,12.0294413387,1.2623421546,-0.37461
684  ,64.5777464504,12.0124469738,2.5438703557,-0.75420
685  ,64.4556451970,12.0315407395,0.6447838721,-1.43934
686  ,64.5803268377,12.0165977708,2.2268534863,-0.93637
687  ,64.2657446965,12.0018851457,0.4348020022,-0.85650
688  ,64.4556127755,12.0496649509,1.2534699585,-0.28885
689  ,64.1799100373,12.0101263012,1.5032643705,+0.07337
690  ,64.5442578763,12.0002981429,13.4706036981,-0.87537
691  ,64.4697861472,12.0243293217,6.3378883474,-1.04987
692  ,64.5887093945,12.0244065384,0.1090395531,-1.35629
693  ,64.2460604725,12.0229650089,1.3421122424,-1.18851
694  ,64.3966895941,12.0034855735,11.1868369649,-0.05472
695  ,64.1601037133,12.0030807796,0.2500851573,-1.55289
696  ,64.5120634067,12.0549770238,0.5910971263,-0.57425
697  ,64.5574342696,12.0331189858,2.0666951255,-0.61305
698  ,64.2363886568,12.0247045937,0.2192244450,-0.36756
699  ,64.3939492619,12.0342556414,4.8173339851,-1.04099
700  ,64.3475059546,12.0256442676,5.5592951324,+0.05718
701  ,64.4429603767,12.0068616813,2.5235199213,-0.97075
702  ,64.3961652858,12.0300788506,5.7858828682,-0.60472
703  ,64.5073866562,12.0440058064,4.5602430682,+0.71603
704  ,64.1153058383,12.0106102425,5.1775214860,-0.96787
705  ,64.0722099292,12.0063234643,23.7897351961,-0.36454
706  ,64.5648607169,12.0080659710,0.0326087156,-0.24285
707  ,64.3308544878,12.0137053593,0.0311572252,-0.62357
708  ,64.4995842082,12.0428542007,1.8598256011,-0.14065
709  ,64.1839125680,12.0198635270,0.4823327942,-0.67488
710  ,64.3329483375,12.0269753193,13.7278385506,-0.48001
711  ,64.1707367141,12.0131025227,3.6437400463,-1.02738
712  ,64.4305127408,12.0298362798,2.3632719222,-0.54888
713  ,64.1976072019,12.0168656881,0.5011090461,-1.03273
714  ,64.1641849289,12.0015593692,4.1523657187,-0.40163
715  ,64.5746621231,12.0476839351,0.0014773092,-0.94572
716  ,64.4913719788,12.0482263823,19.4954543316,-1.87397
717  ,64.3340660803,12.0325690860,5.1829627741,-1.50740
718  ,64.2888968052,12.0184708490,1.0109100573,-0.40880
719  ,64.4690749399,12.0157668062,6.9414661468,-1.27559
720  ,64.5541907822,12.0466755841,0.9172996634,-0.85107
721  ,64.3766729875,12.0213247150,0.1404471217,-1.29609
722  ,64.5851488749,12.0135513475,6.9907254906,-0.99902
723  ,64.4231011370,12.0344542793,0.7283879913,-1.41808
724  ,64.1126189221,12.0029498357,0.0043380009,-1.04559
725  ,64.0966503471,12.0021265375,0.3143143871,-1.33382
726  ,64.2542428648,12.0122571110,0.5374809670,-1.27732
727  ,64.6139790651,12.0608458212,0.0033537925,-0.45143
728  ,64.5143452583,12.0413831785,4.3153733023,-0.51348
729  ,64.3716005025,12.0126353563,0.5871818601,-0.52515
730  ,64.2838018034,12.0290358882,2.7225934129,-0.90509
731  ,64.1630921035,12.0156651578,12.5762016814,-0.59545
732  ,64.1899235311,12.0151962417,0.9390586733,-1.18903
733  ,64.2819512519,12.0252186518,2.7619763058,-0.72129
734  ,64.2071413928,12.0187934179,8.6919388310,-0.86119
735  ,64.1480725608,12.0151423173,0.3372637176,-0.43475
736  ,64.3910452960,12.0231684386,23.3434354622,-0.35388
737  ,64.4909271902,12.0118160445,0.3021290490,-1.08469
738  ,64.4376613362,12.0034266339,0.4091282039,-0.71969
739  ,64.3106207498,12.0232575076,5.4580300514,-0.26695
740  ,64.4331649217,12.0297900918,3.2747860829,-0.73687
741  ,64.1201024839,12.0044964968,1.9042965168,-1.44930
742  ,64.4043887182,12.0083873591,9.2915626529,-0.71492
743  ,64.3857500826,12.0066532663,0.8253794713,-1.78523
744  ,64.5024864446,12.0238347951,15.0001697318,-0.72099
745  ,64.2316480327,12.0254123493,0.1696775739,+0.00648
746  ,64.4575032890,12.0271575393,13.6299130900,-1.18117
747  ,64.4819112216,12.0372016188,1.2755937552,-0.42212
748  ,64.4581921251,12.0297750287,17.1130875317,+0.48027
749  ,64.4317279680,12.0055220386,1.2319978009,-0.93330
750  ,64.4597531200,12.0087940973,15.1472454932,-1.11542
751  ,64.2835501258,12.0005822773,1.7466778813,-1.11578
752  ,64.5586758354,12.0036697035,0.4751748917,-0.15610
753  ,64.2489358640,12.0071443258,0.1860412238,-1.12208
754  ,64.2800879394,12.0121575942,14.4133397172,-0.40681
755  ,64.6438711573,12.0174681393,4.1140893932,-1.71734
756  ,64.4718772422,12.0460542259,20.7466134935,-0.12890
757  ,64.2678949905,12.0283179921,0.6247801974,-0.59579
758  ,64.4758775138,12.0083877512,1.8583390952,-0.46817
759  ,64.0944929718,12.0048645763,0.3193938065,-0.47071
760  ,64.2355845855,12.0080017470,0.4327241966,-0.35212
761  ,64.2644507363,12.0119804876,0.1188744415,-0.45864
762  ,64.3701633047,12.0316557557,0.4523038350,-0.79186
763  ,64.2933533029,12.0066842629,0.7565257523,-0.69600
764  ,64.3530686206,12.0129328600,0.6359321331,-0.20107
765  ,64.1318606760,12.0049509816,15.9045333145,-1.18039
766  ,64.3965727132,12.0366770031,1.7635626681,-0.08447
767  ,64.2131453999,12.0218460325,0.1106588840,-0.33400
768  ,64.6032857214,12.0509923283,3.2577557767,-1.44773
769  ,64.2391458321,12.0076433018,2.9011412815,-0.44321
770  ,64.6070876371,12.0154885071,0.4694557223,-0.91667
771  ,64.4247307216,12.0257456759,0.2032047339,+0.22738
772  ,64.4639131618,12.0137897469,0.5967930535,-0.91254
773  ,64.6270541378,12.0113741954,1.0284413536,-1.14130
774  ,64.2070116485,12.0157622740,17.7896671010,-0.70216
775  ,64.4539049543,12.0052299272,2.1446943643,-1.58955
776  ,64.4898476433,12.0432509682,1.8000529160,-0.32289
777  ,64.1116759571,12.0088946653,10.1597699677,-0.81673
778  ,64.1895801138,12.0107864756,0.7184363320,+0.06975
779  ,64.5557011911,12.0204174470,20.9416731673,-1.02265
780  ,64.3500515472,12.0006986048,5.3293249796,-0.79644
781  ,64.4260625860,12.0317810166,0.6283619698,-1.58814
782  ,64.5022965066,12.0394769433,3.1257234152,+0.28236
783  ,64.4317590736,12.0091670317,3.2509736416,+0.03925
784  ,64.4538613016,12.0306226332,9.6891658348,-0.70340
785  ,64.4607505390,12.0284836957,6.0901055018,-0.87440
786  ,64.0356661337,12.0038916454,29.5193640528,-1.49153
787  ,64.2104017877,12.0209905918,30.9914449715,-1.15259
788  ,64.4789897226,12.0063064995,1.0711465596,+0.26654
789  ,64.4275333290,12.0376131765,0.1220117717,-0.51405
790  ,64.2778085062,12.0264378393,0.0938940928,-1.37499
791  ,64.1026162594,12.0070270994,4.0709787044,-0.03312
792  ,64.1665620773,12.0004444950,8.8563156637,-0.75844
793  ,64.3740628683,12.0106720171,3.0683240913,-0.33304
794  ,64.4069758850,12.0220147775,12.8548731327,-0.91267
795  ,64.6177372746,12.0087328271,4.9162946456,-0.53230
796  ,64.0639770344,12.0051818272,5.7262894608,-1.16496
797  ,64.2436607966,12.0029174103,4.6110894719,+0.45129
798  ,64.2151362460,12.0154259097,0.2371455751,-0.77527
799  ,64.3945634809,12.0167317602,6.7400354779,-1.70215
800  ,64.2336272104,12.0071012398,20.7549655722,-0.08388
801  ,64.4575413058,12.0166538475,1.0510861614,-1.15606
802  ,64.2963264729,12.0099489216,8.4520189375,-0.05161
803  ,64.2141970667,12.0060774541,2.0955303304,-0.92812
804  ,64.2464110529,12.0042089640,1.2772653816,-1.17050
805  ,64.5289331735,12.0344271386,0.0203524246,-0.85863
806  ,64.3101679917,12.0232457475,2.5432755527,-0.42933
807  ,64.0812622464,12.0009846071,20.6668928351,-1.24311
808  ,64.2877496496,12.0033487777,0.0585785176,-0.69660
809  ,64.4734918889,12.0013265419,0.1633938503,-1.81009
810  ,64.5929445002,12.0245487377,0.1069342815,-0.83796
811  ,64.1615140552,12.0090454401,0.0341993971,-0.64923
812  ,64.2818819132,12.0237477663,6.9910075593,-0.70810
813  ,64.3700627971,12.0301046966,0.0325811259,-0.94239
814  ,64.5155121690,12.0526018268,3.2798988289,-1.32355
815  ,64.4497026190,12.0009808654,3.7920659828,-0.46825
816  ,64.1310289682,12.0084388564,0.0673735853,-0.22737
817  ,64.4791523641,12.0258583721,1.3596161242,-0.57548
818  ,64.1085552655,12.0099387951,5.1245850192,-0.71890
819  ,64.2356609381,12.0027854557,5.1118255341,-0.32396
820  ,64.3673423794,12.0349204680,6.8226911221,-1.17796
821  ,64.4208457593,12.0140390228,0.5692341831,-0.92951
822  ,64.4589974232,12.0257090513,0.0002013744,-1.02921
823  ,64.4110020809,12.0339459579,15.3572327693,-0.38788
824  ,64.2470342598,12.0238579602,1.9418682416,-1.42452
825  ,64.4794388900,12.0140678589,31.0267147022,-0.80757
826  ,64.4232172851,12.0024581044,1.3045478350,-0.56421
827  ,64.5692269430,12.0249091945,24.6309881637,-0.98765
828  ,64.3377054609,12.0300803678,0.2553292188,-1.12805
829  ,64.2295702302,12.0121164876,0.2660211177,-0.13929
830  ,64.4712381020,12.0152928789,4.3784183751,-0.09492
831  ,64.6115971389,12.0546620989,1.4282125579,-0.76261
832  ,64.1321607495,12.0040441869,14.2436069143,-0.91944
833  ,64.2281910950,12.0055556627,3.4214068995,-1.17704
834  ,64.3648103938,12.0360105447,20.8635847460,-1.12699
835  ,64.4041458014,12.0321733266,6.2918651773,-1.13410
836  ,64.0544090087,12.0050415990,0.0572788109,-1.16640
837  ,64.3290994295,12.0126094773,1.2761597472,-0.64465
838  ,64.3609949750,12.0248031598,0.8519198700,-0.35628
839  ,64.0793673006,12.0042480347,0.3938890082,+0.04698
840  ,64.3364150219,12.0347899034,1.4226731425,-1.29566
841  ,64.2249839674,12.0117188449,6.3190210903,-0.97234
842  ,64.3220267631,12.0078569126,0.1118363681,+0.06475
843  ,64.5905453380,12.0634009359,0.1242646861,-1.12252
844  ,64.5714440096,12.0200934744,0.1911774500,-0.01933
845  ,64.5026667806,12.0281829881,3.7021501200,-0.02234
846  ,64.5124387640,12.0378703026,4.9597449771,-0.84614
847  ,64.6850851467,12.0703240479,0.9605199403,-1.15071
848  ,64.2584602027,12.0276727091,12.0297880467,-1.89856
849  ,64.5843178827,12.0632183050,2.3671215663,+0.02794
850  ,64.5047784478,12.0177044454,7.5344072601,-0.83396
851  ,64.4001129862,12.0165896436,0.0714620110,-0.56644
852  ,64.1768373476,12.0137208126,7.8154192595,-0.08360
853  ,64.2964861097,12.0025815229,8.4340875191,-1.29661
854  ,64.5392008269,12.0453123912,0.4923189912,-0.59702
855  ,64.4094453454,12.0410065083,18.9322145315,-0.11462
856  ,64.5932277376,12.0566018008,22.1887774122,-1.20328
857  ,64.2294803511,12.0078563387,0.2756548434,-0.77390
858  ,64.4913306951,12.0483397065,0.8228219182,-0.53163
859  ,64.4905211295,12.0181186157,5.7647009628,-0.47763
860  ,64.4374290984,12.0027505319,4.7874764737,+0.03566
861  ,64.4389162134,12.0367886996,1.5964861035,-0.33410
862  ,64.4970734177,12.0040693375,0.0902206153,-0.17865
863  ,64.5848122463,12.0302131149,9.8935028821,-0.57926
864  ,64.4600719022,12.0181610610,1.9171835194,-0.22192
865  ,64.2965906297,12.0212601850,5.8001993525,-0.90707
866  ,64.4206277798,12.0057411846,1.2608801839,-0.28996
867  ,64.3788989736,12.0183772316,0.3685641387,+0.10287
868  ,64.4854607274,12.0406840253,2.4390429017,-0.35659
869  ,64.5188020200,12.0149172779,1.5203411337,-1.30389
870  ,64.4244639938,12.0429452636,0.2268514365,-0.77564
871  ,64.4598227015,12.0330738681,9.9845196920,-0.17431
872  ,64.1963783468,12.0065644915,0.4436464682,-0.21250
873  ,64.3696720459,12.0092201593,0.0091531495,-0.50342
874  ,64.4395510004,12.0402984671,0.0562532740,-0.94823
875  ,64.3858572707,12.0289076762,3.8245265424,-1.32128
876  ,64.4258161277,12.0221649914,0.7354331319,-0.51827
877  ,64.1701516998,12.0036898557,0.3232308301,-0.05060
878  ,64.6243485379,12.0588258588,1.7134477146,-0.65630
879  ,64.4752599900,12.0247734092,1.3725933135,-0.53618
880  ,64.5133410676,12.0155204272,0.8901242282,-1.71179
881  ,64.2915367738,12.0269047565,13.3174141310,-0.38719
882  ,64.5117092224,12.0229881800,2.3953527095,-0.54813
883  ,64.2927833817,12.0261945282,0.3753861057,-1.39495
884  ,64.2599467146,12.0015830515,0.6133893951,-0.51755
885  ,64.3431357436,12.0122219532,2.6139955211,-0.60397
886  ,64.5199846400,12.0249846742,6.7417188715,-1.32187
887  ,64.3957080092,12.0360704956,11.8136661228,-0.67647
888  ,64.4388254621,12.0222913779,0.7465631114,-0.45745
889  ,64.1806466384,12.0112396272,1.6081615882,-0.21551
890  ,64.2761022069,12.0094769811,1.7315708266,-1.01885
891  ,64.4729686054,12.0459583643,2.0127554560,-1.38298
892  ,64.3483924797,12.0258136219,19.7254963627,-0.08194
893  ,64.5023785207,12.0186034517,0.1086863078,-0.42871
894  ,64.2582766034,12.0091754744,11.7721427072,-0.85955
895  ,64.3362983962,12.0207105601,0.0029616630,-0.49925
896  ,64.4018602482,12.0419087490,27.5712196542,-0.72497
897  ,64.4498023981,12.0366575212,12.0355798093,-1.84830
898  ,64.5265967359,12.0303397529,0.0180892496,-1.10816
899  ,64.4507616591,12.0332896205,0.4273650603,-1.75540
900  ,64.5307625377,12.0527708864,2.3952756376,-0.17326
901  ,64.4152264601,12.0247632907,0.0372602865,-0.94824
902  ,64.4998760046,12.0030376611,0.5895242677,+0.22332
903  ,64.1860291651,12.0139718767,0.1702134494,-0.23743
904  ,64.5516137051,12.0340368111,0.6606952166,-0.11329
905  ,64.2753589350,12.0012211986,0.0804526085,-0.44907
906  ,64.2340787873,12.0083114540,0.2016655704,-0.55943
907  ,64.4252653382,12.0454320004,2.0430554645,-0.57243
908  ,64.1377276016,12.0042029088,6.1112257807,-0.62594
909  ,64.3250096871,12.0240113255,1.2054721268,-0.97722
910  ,64.4745163080,12.0276743575,0.1225904027,-0.85970
911  ,64.3443886561,12.0109746887,7.3543714008,-0.09335
912  ,64.4997377218,12.0247319388,2.7584259369,-0.07114
913  ,64.2226053260,12.0133450428,0.6458456499,-1.48260
914  ,64.2862241149,12.0138560807,0.3833203853,-1.05664
915  ,64.0254530571,12.0013364497,1.4144099917,-0.36500
916  ,64.6216796290,12.0016662560,1.6395189869,-1.10403
917  ,64.5617638248,12.0278227315,7.7091614996,-0.03807
918  ,64.2559795615,12.0129025959,9.6462173000,-0.60966
919  ,64.2863283288,12.0229736293,34.1882165775,-0.56032
920  ,64.3843860857,12.0031630391,2.4683053338,-1.24388
921  ,64.5567956367,12.0138020088,0.4565737785,-1.24024
922  ,64.6402141759,12.0532513963,0.4002317912,-0.55190
923  ,64.5503206204,12.0018063711,7.4575588686,-0.66895
924  ,64.3935439910,12.0185938380,3.9031289747,-0.90815
925  ,64.2652713443,12.0221273489,0.0066716291,-0.18851
926  ,64.5560313682,12.0195421992,10.3047283358,-0.70751
927  ,64.1500868547,12.0107655214,0.2738178764,-1.11748
928  ,64.3914726929,12.0170904280,3.8494044276,-1.30913
929  ,64.5551141920,12.0427396455,4.5354655054,-0.73378
930  ,64.4153019705,12.0184345888,0.1197625076,-0.62412
931  ,64.4196935586,12.0300940362,4.0491565986,+0.43371
932  ,64.2720372373,12.0164650850,3.6320030964,-1.28420
933  ,64.4789032267,12.0377342784,11.0806014138,-1.35889
934  ,64.4727401391,12.0053314419,4.0976047251,-1.72525
935  ,64.2259622648,12.0246568167,0.1881300475,-0.01538
936  ,64.3669239919,12.0074225490,23.9584222496,-0.68371
937  ,64.3836037963,12.0086294054,0.8195666144,-1.45685
938  ,64.3085891976,12.0000025022,15.3718724735,-0.52307
939  ,64.4864742636,12.0341417696,0.8137552602,+0.02867
940  ,64.3192908008,12.0074646355,1.6104885485,-0.90211
941  ,64.3281949567,12.0235915165,1.0174568702,-0.27476
942  ,64.3680681471,12.0165945786,0.1392813270,+0.32177
943  ,64.2640085045,12.0280722898,15.7353151010,-0.73207
944  ,64.6093513123,12.0472954816,8.1582238463,-0.81348
945  ,64.3341686155,12.0101328089,0.5027656335,-0.46661
946  ,64.3423433531,12.0079934523,0.6593151068,-1.04030
947  ,64.4674680411,12.0344197793,24.5023903389,-0.76270
948  ,64.3299198373,12.0165843965,7.9054738410,-0.95341
949  ,64.2693895445,12.0112332105,8.2744526508,-0.95054
950  ,64.3968346993,12.0303585574,0.8924183482,-1.06784
951  ,64.5272067769,12.0536461526,40.2884272399,-0.79202
952  ,64.4267800236,12.0070759600,0.1333541829,-1.21047
953  ,64.2573612373,12.0102719700,14.1943462509,-0.95221
954  ,64.4962690943,12.0308422103,41.4530626383,-0.47854
955  ,64.4624282835,12.0460351228,3.4678255564,-1.04179
956  ,64.1809648766,12.0059378663,0.1915434528,-0.87128
957  ,64.3539495606,12.0166423747,0.3559140554,-0.19321
958  ,64.3027543103,12.0137745428,11.0410733293,-0.09792
959  ,64.4090656844,12.0036117989,2.0824722738,-1.12452
960  ,64.3336263639,12.0013797139,1.6017823865,-1.12282
961  ,64.4333603328,12.0030029574,0.0038635634,-0.71856
962  ,64.4460686318,12.0026911686,3.9338204700,-0.49297
963  ,64.5808605058,12.0174901144,41.7141483886,+0.00512
964  ,64.4370854875,12.0452055704,9.0368584548,-0.94680
965  ,64.2980472670,12.0133803667,23.1340487847,-1.10951
966  ,64.4450318920,12.0447482838,1.1818719770,-0.25227
967  ,64.2710581917,12.0163997895,2.7856537012,-0.20370
968  ,64.2023406983,12.0121653731,49.0054567397,-1.48395
969  ,64.6597861805,12.0314676236,2.4875805922,-1.67455
970  ,64.3158708214,12.0208169185,6.9109944271,-0.40214
971  ,64.2671770320,12.0204858566,0.7869255358,-0.27327
972  ,64.5114261534,12.0340716462,4.4212924657,-0.45284
973  ,64.3323765389,12.0286929094,26.8993522149,-1.24633
974  ,64.4907312442,12.0351872686,0.1777997221,-1.18384
975  ,64.5373689667,12.0379083619,5.4105589566,-0.22909
976  ,64.6095158097,12.0271303458,9.5783399163,-0.44491
977  ,64.2879781339,12.0210621630,0.7159934049,+0.15356
978  ,64.4949149879,12.0479349079,5.6792401344,-1.13593
979  ,64.4315568977,12.0104783585,3.1808773035,-1.08440
980  ,64.2591083638,12.0053343838,0.0629073243,-0.52612
981  ,64.4970642805,12.0050159369,0.5414570792,-0.79097
982  ,64.3901368802,12.0167904079,2.5141999319,-0.93135
983  ,64.4407635086,12.0201333597,15.0580521903,-0.44905
984  ,64.3995434111,12.0076466494,0.0013060249,-0.73967
985  ,64.1774639820,12.0009780967,2.4838450025,-0.77516
986  ,64.3163592213,12.0248770520,1.2168380657,-1.58012
987  ,64.2727623653,12.0125007953,0.0960214918,-0.59782
988  ,64.4500681133,12.0476460977,0.2318095698,-1.32206
989  ,64.0378037538,12.0014718885,0.4951317023,-1.25567
990  ,64.5084914161,12.0540498248,27.0299819061,-0.43730
991  ,64.3980606836,12.0426234814,31.4919600493,-1.00679
992  ,64.5025641861,12.0345463379,5.0754534485,-0.14282
993  ,64.2197266655,12.0032059719,19.8232040925,-1.03887
994  ,64.4102644594,12.0082889239,12.8743885101,-0.80619
995  ,64.4307525743,12.0364172209,7.2082711220,-0.48786
996  ,64.3142336358,12.0101548287,22.5272727218,+0.22005
997  ,64.5076288117,12.0363324398,0.5329099882,-0.85308
998  ,64.2305851904,12.0240802534,8.8609950856,-0.34677
999  ,64.4309731121,12.0042958959,0.0054508635,-0.42691
